{
    "joint_ids": [
        1,
        2,
        3,
        4,
        5,
        6,
        7
    ],
    "joint_offsets": [
        -0.1043106935762236,
        3.44532084959115,
        6.2923891919069,
        5.945068469229076,
        4.77221423111223,
        0.03132068037338165,
        4.5758646902628675
    ],
    "joint_signs": [
        1,
        -1,
        1,
        1,
        1,
        1,
        1
    ],
    "gripper_config": [
        8,
        112,
        70
    ]
}